a,e,startTime,endTime,expected,remark
无,冬时令,20230301025920,20230301030019,0.05,59s
无,夏时令,20231001025920,20231001030020,0.05,1min
无,冬时令,20230301025920,20230301030021,0.1,1min1s
无,冬时令,20230301020000,20230301021900,0.95,19min
无,冬时令,20230301020000,20230301022000,1,20min
无,冬时令,20230301020000,20230301021959,1,19min59s
无,冬时令,20230301020000,20230301022001,1.1,20min1s
无,冬时令,20230301020000,20230301022100,1.1,21min
有,冬时令,20230326015920,20230326030019,0.05,59s 冬转夏
有,夏时令,20221106025920,20221106020019,0.05,59s 夏转冬
有,冬时令,20230326015920,20230326030020,0.05,1min 冬转夏
有,夏时令,20221106025920,20221106020020,0.05,1min 夏转冬
有,冬时令,20230326015920,20230326030021,0.1,1min1s 冬转夏
有,夏时令,20221106025920,20221106020021,0.1,1min1s 夏转冬
有,冬时令,20230326015900,20230326031800,0.95,19min 冬转夏
有,夏时令,20221106025900,20221106021800,0.95,19min 夏转冬
有,冬时令,20230326015900,20230326031900,1,20min 冬转夏
有,夏时令,20221106025900,20221106021900,1,20min 夏转冬
有,冬时令,20230326015900,20230326031859,1,19min59s 冬转夏
有,夏时令,20221106025900,20221106021859,1,19min59s 夏转冬
有,冬时令,20230326015900,20230326031901,1.1,20min1s 冬转夏
有,夏时令,20221106025900,20221106021901,1.1,20min1s 夏转冬
有,冬时令,20230326015900,20230326032000,1.1,21min 夏转冬
有,夏时令,20221106025900,20221106022000,1.1,21min 冬转夏
